<?xml version="1.0" encoding="UTF-8"?>
<project-private xmlns="http://www.netbeans.org/ns/project-private/1">
    <editor-bookmarks xmlns="http://www.netbeans.org/ns/editor-bookmarks/2" lastBookmarkId="0"/>
    <open-files xmlns="http://www.netbeans.org/ns/projectui-open-files/2">
        <group>
            <file>file:/C:/Users/K00240022/Desktop/College/Group%20Project/idm3-groupproject-2020group4/Scott/ProjectCode/LitGallery/src/java/Model/ViewerDB.java</file>
            <file>file:/C:/Users/K00240022/Desktop/College/Group%20Project/idm3-groupproject-2020group4/Scott/ProjectCode/LitGallery/web/Homepage.jsp</file>
            <file>file:/C:/Users/K00240022/Desktop/College/Group%20Project/idm3-groupproject-2020group4/Scott/ProjectCode/LitGallery/src/java/Controller/StudentServlet.java</file>
            <file>file:/C:/Users/K00240022/Desktop/College/Group%20Project/idm3-groupproject-2020group4/Scott/ProjectCode/LitGallery/src/java/Controller/ViewerServlet.java</file>
            <file>file:/C:/Users/K00240022/Desktop/College/Group%20Project/idm3-groupproject-2020group4/Scott/ProjectCode/LitGallery/src/java/Controller/AdminServlet.java</file>
            <file>file:/C:/Users/K00240022/Desktop/College/Group%20Project/idm3-groupproject-2020group4/Scott/ProjectCode/LitGallery/src/java/Model/Viewer.java</file>
            <file>file:/C:/Users/K00240022/Desktop/College/Group%20Project/idm3-groupproject-2020group4/Scott/ProjectCode/LitGallery/web/Login.jsp</file>
            <file>file:/C:/Users/K00240022/Desktop/College/Group%20Project/idm3-groupproject-2020group4/Scott/ProjectCode/LitGallery/web/LoginViewer.jsp</file>
            <file>file:/C:/Users/K00240022/Desktop/College/Group%20Project/idm3-groupproject-2020group4/Scott/ProjectCode/LitGallery/src/java/Model/Admin.java</file>
            <file>file:/C:/Users/K00240022/Desktop/College/Group%20Project/idm3-groupproject-2020group4/Scott/ProjectCode/LitGallery/web/LoginStudent.jsp</file>
        </group>
    </open-files>
</project-private>
